,DiffDock Confidence,SMINA Affinity,SMINA Intramolecular Energy,SMINA Minimized Affinity,SMINA Minimized RMSD
DiffDock Confidence,1.0,-0.8177806155617161,-0.19546475390019313,0.46211615825376595,-0.7077170717997803
SMINA Affinity,-0.8177806155617161,1.0,0.2863613905528931,-0.3065960167718452,0.6935210736263125
SMINA Intramolecular Energy,-0.19546475390019313,0.2863613905528931,1.0,-0.13854451285669994,0.2676127515905032
SMINA Minimized Affinity,0.46211615825376595,-0.3065960167718452,-0.13854451285669994,1.0,-0.8017327731301824
SMINA Minimized RMSD,-0.7077170717997803,0.6935210736263125,0.2676127515905032,-0.8017327731301824,1.0
