name,rank,lddt,affinity
idx_0,1,0.6669122,5.8933115
idx_0,2,0.65488654,6.0431886
idx_0,3,0.6402053,5.8662014
idx_0,4,0.6541454,5.91228
idx_0,5,0.6394464,6.092921
idx_0,6,0.6385258,5.904981
idx_0,7,0.63576335,5.9943585
idx_0,8,0.6129367,5.6739807
idx_0,9,0.6265086,6.140826
idx_0,10,0.59220123,6.140556
