,DiffDock Confidence,SMINA Affinity,SMINA Intramolecular Energy,SMINA Minimized Affinity,SMINA Minimized RMSD
DiffDock Confidence,1.0,-0.7203637916431062,-0.28846423181663516,-0.12990529818574426,-0.2442788749977461
SMINA Affinity,-0.7203637916431062,1.0,0.19437182274049108,0.22718259663912566,0.34022115178890294
SMINA Intramolecular Energy,-0.28846423181663516,0.19437182274049108,1.0,-0.05331730943676543,0.171093077381219
SMINA Minimized Affinity,-0.12990529818574426,0.22718259663912566,-0.05331730943676543,1.0,-0.6216855434755714
SMINA Minimized RMSD,-0.2442788749977461,0.34022115178890294,0.171093077381219,-0.6216855434755714,1.0
