name,rank,lddt,affinity
idx_0,1,0.6602824,7.2307053
idx_0,2,0.66249096,7.083723
idx_0,3,0.6594049,7.2915454
idx_0,4,0.66520137,7.203045
idx_0,5,0.65804,7.2872887
idx_0,6,0.65773803,7.2385917
idx_0,7,0.65821004,6.978555
idx_0,8,0.6516962,7.0346484
idx_0,9,0.6552726,7.387373
idx_0,10,0.64964616,7.2870955
